,theta0,theta1
0,8499.231244855793,-0.021443669324386672
