,theta0,theta1
0,0.006247098016461616,0.9976392752431175


