,theta0,theta1
0,-0.6666666666662282,1.4999999999997835

