,theta0,theta1
0,6292.454449061712,-0.0004616465864615478

